alias venu \"Venu Sarakki\" <vsarakki@sarakki.com>
alias greg \"Greg Mosely\" <gmosley@sarakki.com>
alias hina \"Hina Hashmi\" <hinathashmi@gmail.com>
alias chris \"Chris Wilson\" <chris.wilson@ewhconsulting.co.uk>
alias sarakki venu, greg
alias elsa Elsa Arroyo elsa@zode64.com
alias mr.hashmi Mr Hashmi <mohamed.hashmi@gmail.com>
alias michael Michael michael128711@gmail.com
alias gdavila gdavila@novitech.com.mx
alias faperez faperez@novitech.com.mx
alias fillo fillo@hotmail.com
alias novitech fillo, faperez, gdavila
alias recepcion3 recepcion3@azacontadores.com.mx
alias gibran gibran.pelayo@pchmayoreo.com
alias accountant recepcion3, maria 
alias lizzy Lizzy Bower lizzylatimer@googlemail.com
alias sam Samantha Bower samanthabower1@yahoo.co.uk
alias george Georgina Bower g_bower@hotmail.co.uk
alias susan Susan Bower <susan-bower@live.co.uk>
alias israel \"Israel Martinez (Designer)\" <ingarqisrael@gmail.com>
alias maria \"María de Jesús García (Accountant)\" <asistente2@azacontadores.com.mx>
alias santiagomoctezuma \"Santiago Moctezuma (Zuma)\" <santiagomoctezuma@gmail.com>
alias clifton \"Clifton Roozeboom (PocketLab)\" <clifton.roozeboom@gmail.com>
alias adriana.vazquez \"Adriana Vazquez Salazar (Churchill)\" <adriana.vazquez@tcs.org.mx>
alias mario \"Mario (Churchill)\" <mvasquez14@gmail.com>
alias eric Eric Aguilar <eric@zode64.com>
